{"cameraMode":{"drawMode":0,"name":"Shaded","section":"Shading Mode"},"sceneLighting":true,"audioPlay":false,"sceneViewState":{"m_AlwaysRefresh":false,"showFog":false,"showSkybox":false,"showFlares":false,"showImageEffects":false,"showParticleSystems":false,"showVisualEffectGraphs":false,"m_FxEnabled":true},"in2DMode":false,"pivot":{"x":11.153813362121582,"y":-119.01040649414063,"z":118.76646423339844},"rotation":{"x":0.417721688747406,"y":0.04086128622293472,"z":-0.018815526738762857,"w":0.9074715971946716},"size":105.90678405761719,"orthographic":false}