{"cameraMode":{"drawMode":0,"name":"Shaded","section":"Shading Mode"},"sceneLighting":true,"audioPlay":false,"sceneViewState":{"m_AlwaysRefresh":false,"showFog":false,"showSkybox":false,"showFlares":false,"showImageEffects":false,"showParticleSystems":false,"showVisualEffectGraphs":false,"m_FxEnabled":true},"in2DMode":false,"pivot":{"x":0.6192765235900879,"y":-60.763641357421878,"z":80.55891418457031},"rotation":{"x":0.29494455456733706,"y":0.0014333352446556092,"z":-0.0004423979844432324,"w":0.9555138349533081},"size":96.2710952758789,"orthographic":false}