{"cameraMode":{"drawMode":0,"name":"Shaded","section":"Shading Mode"},"sceneLighting":true,"audioPlay":false,"sceneViewState":{"m_AlwaysRefresh":false,"showFog":false,"showSkybox":false,"showFlares":false,"showImageEffects":false,"showParticleSystems":false,"showVisualEffectGraphs":false,"m_FxEnabled":true},"in2DMode":false,"pivot":{"x":4.549508094787598,"y":-11.7930908203125,"z":10.397821426391602},"rotation":{"x":-0.0025154754985123874,"y":0.8007084131240845,"z":-0.5990416407585144,"w":-0.0033622754272073509},"size":29.332101821899415,"orthographic":false}