{"cameraMode":{"drawMode":0,"name":"Shaded","section":"Shading Mode"},"sceneLighting":true,"audioPlay":false,"sceneViewState":{"m_AlwaysRefresh":false,"showFog":false,"showSkybox":false,"showFlares":false,"showImageEffects":false,"showParticleSystems":false,"showVisualEffectGraphs":false,"m_FxEnabled":true},"in2DMode":false,"pivot":{"x":-1.4723505973815919,"y":-6.539550304412842,"z":0.26389360427856448},"rotation":{"x":-0.011603964492678643,"y":0.9875902533531189,"z":-0.12901285290718079,"w":-0.08882869780063629},"size":14.418802261352539,"orthographic":false}