{"cameraMode":{"drawMode":0,"name":"Shaded","section":"Shading Mode"},"sceneLighting":true,"audioPlay":false,"sceneViewState":{"m_AlwaysRefresh":false,"showFog":true,"showSkybox":true,"showFlares":true,"showImageEffects":true,"showParticleSystems":true,"showVisualEffectGraphs":true,"m_FxEnabled":true},"in2DMode":false,"pivot":{"x":-154.07078552246095,"y":31.558948516845704,"z":-79.12527465820313},"rotation":{"x":0.02351893112063408,"y":0.9708144068717957,"z":-0.21333448588848115,"w":0.10702674090862274},"size":79.23670959472656,"orthographic":false}