{"cameraMode":{"drawMode":0,"name":"Shaded","section":"Shading Mode"},"sceneLighting":true,"audioPlay":false,"sceneViewState":{"m_AlwaysRefresh":false,"showFog":false,"showSkybox":false,"showFlares":false,"showImageEffects":false,"showParticleSystems":false,"showVisualEffectGraphs":false,"m_FxEnabled":true},"in2DMode":false,"pivot":{"x":-1.2720071077346802,"y":-7.961736679077148,"z":18.821840286254884},"rotation":{"x":0.2269028127193451,"y":0.004382055718451738,"z":-0.0010212038177996874,"w":0.9739089012145996},"size":14.629922866821289,"orthographic":true}