{"cameraMode":{"drawMode":0,"name":"Shaded","section":"Shading Mode"},"sceneLighting":true,"audioPlay":false,"sceneViewState":{"m_AlwaysRefresh":false,"showFog":false,"showSkybox":false,"showFlares":false,"showImageEffects":false,"showParticleSystems":false,"showVisualEffectGraphs":false,"m_FxEnabled":true},"in2DMode":false,"pivot":{"x":-8.345270156860352,"y":-15.636253356933594,"z":13.550374984741211},"rotation":{"x":-0.44429895281791689,"y":0.036800358444452289,"z":-0.018270036205649377,"w":-0.8949371576309204},"size":24.390277862548829,"orthographic":false}