{"cameraMode":{"drawMode":0,"name":"Shaded","section":"Shading Mode"},"sceneLighting":true,"audioPlay":false,"sceneViewState":{"m_AlwaysRefresh":false,"showFog":false,"showSkybox":false,"showFlares":false,"showImageEffects":false,"showParticleSystems":false,"showVisualEffectGraphs":false,"m_FxEnabled":true},"in2DMode":false,"pivot":{"x":-1.2720071077346802,"y":-7.961736679077148,"z":18.821840286254884},"rotation":{"x":0.2557397484779358,"y":-0.04493473842740059,"z":0.011899922043085099,"w":0.9656303524971008},"size":18.745502471923829,"orthographic":true}