{"cameraMode":{"drawMode":0,"name":"Shaded","section":"Shading Mode"},"sceneLighting":true,"audioPlay":false,"sceneViewState":{"m_AlwaysRefresh":false,"showFog":false,"showSkybox":false,"showFlares":false,"showImageEffects":false,"showParticleSystems":false,"showVisualEffectGraphs":false,"m_FxEnabled":true},"in2DMode":false,"pivot":{"x":-8.345270156860352,"y":-15.636253356933594,"z":13.550374984741211},"rotation":{"x":0.41391509771347048,"y":-0.02320949174463749,"z":0.010557177476584912,"w":0.9099593758583069},"size":14.629922866821289,"orthographic":true}