{"cameraMode":{"drawMode":0,"name":"Shaded","section":"Shading Mode"},"sceneLighting":true,"audioPlay":false,"sceneViewState":{"m_AlwaysRefresh":false,"showFog":false,"showSkybox":false,"showFlares":false,"showImageEffects":false,"showParticleSystems":false,"showVisualEffectGraphs":false,"m_FxEnabled":true},"in2DMode":false,"pivot":{"x":-0.004851698875427246,"y":0.3822612166404724,"z":-0.2620733380317688},"rotation":{"x":-0.028682690113782884,"y":0.7342972755432129,"z":-0.03108639270067215,"w":-0.6775133609771729},"size":2.146223545074463,"orthographic":false}