{"cameraMode":{"drawMode":0,"name":"Shaded","section":"Shading Mode"},"sceneLighting":false,"audioPlay":false,"sceneViewState":{"m_AlwaysRefresh":false,"showFog":false,"showSkybox":false,"showFlares":false,"showImageEffects":false,"showParticleSystems":false,"showVisualEffectGraphs":false,"m_FxEnabled":true},"in2DMode":false,"pivot":{"x":-8.699999809265137,"y":22.899999618530275,"z":0.20000001788139344},"rotation":{"x":0.29494455456733706,"y":0.0014333352446556092,"z":-0.0004423979844432324,"w":0.9555138349533081},"size":1.732050895690918,"orthographic":false}