{"cameraMode":{"drawMode":0,"name":"Shaded","section":"Shading Mode"},"sceneLighting":true,"audioPlay":false,"sceneViewState":{"showFog":false,"showMaterialUpdate":false,"showSkybox":false,"showFlares":false,"showImageEffects":false,"showParticleSystems":false},"in2DMode":false,"pivot":{"x":-1.113283395767212,"y":1.4654217958450318,"z":0.5891565680503845},"rotation":{"x":-0.18798214197158814,"y":0.6972103714942932,"z":-0.197703018784523,"w":-0.6629288792610169},"size":15.254837989807129,"orthographic":false}