{"cameraMode":{"drawMode":0,"name":"Shaded","section":"Shading Mode"},"sceneLighting":true,"audioPlay":false,"sceneViewState":{"showFog":false,"showMaterialUpdate":false,"showSkybox":false,"showFlares":false,"showImageEffects":false,"showParticleSystems":false},"in2DMode":false,"pivot":{"x":-50.61846923828125,"y":4.691313743591309,"z":-4.106038570404053},"rotation":{"x":0.02570345066487789,"y":-0.7274878621101379,"z":0.027293510735034944,"w":0.6850971579551697},"size":37.14916229248047,"orthographic":false}