{"cameraMode":{"drawMode":0,"name":"Shaded","section":"Shading Mode"},"sceneLighting":true,"audioPlay":false,"sceneViewState":{"showFog":false,"showMaterialUpdate":false,"showSkybox":false,"showFlares":false,"showImageEffects":false,"showParticleSystems":false},"in2DMode":false,"pivot":{"x":-4.047189712524414,"y":-2.9317641258239748,"z":7.498950004577637},"rotation":{"x":-0.2171090543270111,"y":-0.03660620376467705,"z":0.008141383528709412,"w":-0.975460946559906},"size":27.279611587524415,"orthographic":true}