{"cameraMode":{"drawMode":0,"name":"Shaded","section":"Shading Mode"},"sceneLighting":true,"audioPlay":false,"sceneViewState":{"showFog":false,"showMaterialUpdate":false,"showSkybox":false,"showFlares":false,"showImageEffects":false,"showParticleSystems":false},"in2DMode":false,"pivot":{"x":-2.6361353397369386,"y":-5.126706123352051,"z":8.415019035339356},"rotation":{"x":0.07773987203836441,"y":-0.7332863807678223,"z":0.0850747600197792,"w":0.6700909733772278},"size":7.969326019287109,"orthographic":true}