{"cameraMode":{"drawMode":0,"name":"Shaded","section":"Shading Mode"},"sceneLighting":true,"audioPlay":false,"sceneViewState":{"showFog":false,"showMaterialUpdate":false,"showSkybox":false,"showFlares":false,"showImageEffects":false,"showParticleSystems":false},"in2DMode":false,"pivot":{"x":-4.047189712524414,"y":-2.9317641258239748,"z":7.498950004577637},"rotation":{"x":-0.15929603576660157,"y":0.48759880661964419,"z":-0.09100962430238724,"w":-0.8536092638969421},"size":15.601677894592286,"orthographic":true}