{"cameraMode":{"drawMode":0,"name":"Shaded","section":"Shading Mode"},"sceneLighting":true,"audioPlay":false,"sceneViewState":{"m_AlwaysRefresh":false,"showFog":false,"showSkybox":false,"showFlares":false,"showImageEffects":false,"showParticleSystems":false,"showVisualEffectGraphs":false,"m_FxEnabled":true},"in2DMode":false,"pivot":{"x":18.43499755859375,"y":-1.250975489616394,"z":15.198963165283204},"rotation":{"x":-0.02997303567826748,"y":-0.03867680951952934,"z":0.0011606808984652162,"w":-0.9988012313842773},"size":12.908199310302735,"orthographic":false}