{"cameraMode":{"drawMode":0,"name":"Shaded","section":"Shading Mode"},"sceneLighting":true,"audioPlay":false,"sceneViewState":{"m_AlwaysRefresh":false,"showFog":false,"showSkybox":false,"showFlares":false,"showImageEffects":false,"showParticleSystems":false,"showVisualEffectGraphs":false,"m_FxEnabled":true},"in2DMode":false,"pivot":{"x":18.45384407043457,"y":2.810319423675537,"z":15.442002296447754},"rotation":{"x":-0.02997303567826748,"y":-0.03867680951952934,"z":0.0011606808984652162,"w":-0.9988012313842773},"size":26.052291870117189,"orthographic":false}